,Voltage (V),Current (A)
0,-54.0,-0.0001999816
1,-53.92307692307692,-0.0001999816
2,-53.84615384615385,-0.0001999813
3,-53.76923076923077,-0.0001999811
4,-53.69230769230769,-0.0001999815
5,-53.61538461538461,-0.0001999818
6,-53.53846153846154,-0.0001999812
7,-53.46153846153846,-0.0001999815
8,-53.38461538461539,-0.0001999818
9,-53.30769230769231,-0.0001999817
10,-53.23076923076923,-0.0001999818
11,-53.15384615384615,-0.0001999812
12,-53.07692307692308,-0.0001999813
13,-53.0,-0.0001999816
14,-52.92307692307692,-0.0001999816
15,-52.84615384615385,-0.0001999814
16,-52.76923076923077,-0.0001999814
17,-52.69230769230769,-0.0001999808
18,-52.61538461538461,-0.000199981
19,-52.53846153846154,-0.0001986479
20,-52.46153846153846,-0.0001697764
21,-52.38461538461539,-0.000145171
22,-52.30769230769231,-0.0001220623
23,-52.23076923076923,-9.912009e-05
24,-52.15384615384615,-7.990636e-05
25,-52.07692307692308,-6.123901e-05
26,-52.0,-4.511427e-05
27,-51.92307692307692,-3.155111e-05
28,-51.84615384615385,-1.859548e-05
29,-51.76923076923077,-9.543325e-06
30,-51.69230769230769,-3.677504e-06
31,-51.61538461538461,-1.208227e-06
32,-51.53846153846154,-4.464407e-07
33,-51.46153846153846,-2.079296e-07
34,-51.38461538461539,-1.317038e-07
35,-51.30769230769231,-9.67426e-08
36,-51.23076923076923,-7.644672e-08
37,-51.15384615384615,-6.501619e-08
38,-51.07692307692308,-5.619633e-08
39,-51.0,-5.026182e-08
