,Voltage (V),Current (A)
0,-54.0,-0.0001999816
1,-53.92307692307692,-0.0001999809
2,-53.84615384615385,-0.0001999815
3,-53.76923076923077,-0.0001999817
4,-53.69230769230769,-0.0001999815
5,-53.61538461538461,-0.0001999823
6,-53.53846153846154,-0.0001999805
7,-53.46153846153846,-0.0001999812
8,-53.38461538461539,-0.0001999811
9,-53.30769230769231,-0.0001929953
10,-53.23076923076923,-0.0001774781
11,-53.15384615384615,-0.0001632393
12,-53.07692307692308,-0.0001476996
13,-53.0,-0.000134676
14,-52.92307692307692,-0.0001222644
15,-52.84615384615385,-0.0001092453
16,-52.76923076923077,-9.78211e-05
17,-52.69230769230769,-8.598179e-05
18,-52.61538461538461,-7.532915e-05
19,-52.53846153846154,-6.571322e-05
20,-52.46153846153846,-5.543807e-05
21,-52.38461538461539,-4.70396e-05
22,-52.30769230769231,-3.879385e-05
23,-52.23076923076923,-3.099878e-05
24,-52.15384615384615,-2.447969e-05
25,-52.07692307692308,-1.801218e-05
26,-52.0,-1.270154e-05
27,-51.92307692307692,-8.323183e-06
28,-51.84615384615385,-4.568453e-06
29,-51.76923076923077,-2.308394e-06
30,-51.69230769230769,-8.779168e-07
31,-51.61538461538461,-3.261542e-07
32,-51.53846153846154,-1.281485e-07
33,-51.46153846153846,-6.68285e-08
34,-51.38461538461539,-4.80942e-08
35,-51.30769230769231,-3.916535e-08
36,-51.23076923076923,-3.332849e-08
37,-51.15384615384615,-3.004831e-08
38,-51.07692307692308,-2.745237e-08
39,-51.0,-2.569706e-08
