,Voltage (V),Current (A)
0,0.0,1.753745e-10
1,0.043478260869565216,-5.764762e-10
2,0.08695652173913043,2.423811e-09
3,0.13043478260869565,9.837255e-09
4,0.17391304347826086,4.089157e-08
5,0.21739130434782608,1.038036e-07
6,0.2608695652173913,3.347142e-07
7,0.30434782608695654,9.397442e-07
8,0.34782608695652173,2.801482e-06
9,0.3913043478260869,8.78818e-06
10,0.43478260869565216,3.013532e-05
11,0.4782608695652174,9.488696e-05
12,0.5217391304347826,0.0002579992
13,0.5652173913043478,0.0005317468
14,0.6086956521739131,0.0008934674
15,0.6521739130434783,0.001314925
16,0.6956521739130435,0.001773296
17,0.7391304347826086,0.002255822
18,0.7826086956521738,0.002756695
19,0.8260869565217391,0.003269689
20,0.8695652173913043,0.003789121
21,0.9130434782608695,0.004319323
22,0.9565217391304348,0.004856573
23,1.0,0.005397787
24,1.0434782608695652,0.005939718
25,1.0869565217391304,0.006488209
26,1.1304347826086956,0.007041003
27,1.1739130434782608,0.007595446
28,1.2173913043478262,0.008153679
29,1.2608695652173914,0.00870838
30,1.3043478260869565,0.009270138
31,1.3478260869565217,0.009832666
32,1.391304347826087,0.01000005
33,1.434782608695652,0.01000007
34,1.4782608695652173,0.01000006
35,1.5217391304347825,0.01000005
36,1.5652173913043477,0.01000005
37,1.608695652173913,0.01000004
38,1.6521739130434783,0.01000004
39,1.6956521739130435,0.01000004
40,1.7391304347826086,0.01000004
41,1.7826086956521738,0.01000006
42,1.826086956521739,0.01000005
43,1.8695652173913042,0.01000007
44,1.9130434782608696,0.01000005
45,1.9565217391304348,0.01000004
46,2.0,0.01000003
47,2.043478260869565,0.01000004
48,2.0869565217391304,0.01000003
49,2.130434782608696,0.01000003
50,2.1739130434782608,0.01000004
51,2.217391304347826,0.01000005
52,2.260869565217391,0.01000005
53,2.3043478260869565,0.01000004
54,2.3478260869565215,0.01000005
55,2.391304347826087,0.01000004
56,2.4347826086956523,0.01000004
57,2.4782608695652173,0.01000004
58,2.5217391304347827,0.01000003
59,2.5652173913043477,0.01000006
60,2.608695652173913,0.01000005
61,2.652173913043478,0.01000004
62,2.6956521739130435,0.01000005
63,2.7391304347826084,0.01000004
64,2.782608695652174,0.01000003
65,2.8260869565217392,0.01000003
66,2.869565217391304,0.01000003
67,2.9130434782608696,0.01000003
68,2.9565217391304346,0.01000002
69,3.0,0.01000003
