,Voltage (V),Current (A)
0,-54.0,-0.0004999858
1,-53.92307692307692,-0.0004999858
2,-53.84615384615385,-0.0004999861
3,-53.76923076923077,-0.0004999851
4,-53.69230769230769,-0.0004999858
5,-53.61538461538461,-0.0004999856
6,-53.53846153846154,-0.0004999852
7,-53.46153846153846,-0.0004999856
8,-53.38461538461539,-0.0004999856
9,-53.30769230769231,-0.0004999851
10,-53.23076923076923,-0.0004999858
11,-53.15384615384615,-0.0004999851
12,-53.07692307692308,-0.0004999856
13,-53.0,-0.0004999852
14,-52.92307692307692,-0.0004999855
15,-52.84615384615385,-0.0004999859
16,-52.76923076923077,-0.0004999856
17,-52.69230769230769,-0.0004999853
18,-52.61538461538461,-0.0004999853
19,-52.53846153846154,-0.0004999853
20,-52.46153846153846,-0.0004999856
21,-52.38461538461539,-0.0004999848
22,-52.30769230769231,-0.0004999851
23,-52.23076923076923,-0.0004999851
24,-52.15384615384615,-0.0004999854
25,-52.07692307692308,-0.0004999854
26,-52.0,-0.000385721
27,-51.92307692307692,-0.0002523884
28,-51.84615384615385,-0.0001313021
29,-51.76923076923077,-6.041595e-05
30,-51.69230769230769,-2.068463e-05
31,-51.61538461538461,-7.040159e-06
32,-51.53846153846154,-3.182216e-06
33,-51.46153846153846,-1.779625e-06
34,-51.38461538461539,-1.230065e-06
35,-51.30769230769231,-9.419057e-07
36,-51.23076923076923,-7.483961e-07
37,-51.15384615384615,-6.354181e-07
38,-51.07692307692308,-5.451216e-07
39,-51.0,-4.787807e-07
