,Voltage (V),Current (A)
0,0.0,-1.070057e-10
1,0.043478260869565216,-3.757954e-10
2,0.08695652173913043,3.101136e-09
3,0.13043478260869565,1.452538e-08
4,0.17391304347826086,4.639524e-08
5,0.21739130434782608,1.323058e-07
6,0.2608695652173913,3.660224e-07
7,0.30434782608695654,1.016678e-06
8,0.34782608695652173,3.033519e-06
9,0.3913043478260869,9.518184e-06
10,0.43478260869565216,3.269916e-05
11,0.4782608695652174,0.0001010096
12,0.5217391304347826,0.0002668823
13,0.5652173913043478,0.0005351953
14,0.6086956521739131,0.0008830495
15,0.6521739130434783,0.001284701
16,0.6956521739130435,0.001719888
17,0.7391304347826086,0.002177131
18,0.7826086956521738,0.002651379
19,0.8260869565217391,0.003136644
20,0.8695652173913043,0.003627846
21,0.9130434782608695,0.004129224
22,0.9565217391304348,0.004637131
23,1.0,0.00514867
24,1.0434782608695652,0.005660818
25,1.0869565217391304,0.006179288
26,1.1304347826086956,0.006701661
27,1.1739130434782608,0.007225661
28,1.2173913043478262,0.007753205
29,1.2608695652173914,0.008277413
30,1.3043478260869565,0.008808282
31,1.3478260869565217,0.009339817
32,1.391304347826087,0.009873535
33,1.434782608695652,0.01000006
34,1.4782608695652173,0.01000004
35,1.5217391304347825,0.01000005
36,1.5652173913043477,0.01000005
37,1.608695652173913,0.01000004
38,1.6521739130434783,0.01000004
39,1.6956521739130435,0.01000005
40,1.7391304347826086,0.01000003
41,1.7826086956521738,0.01000005
42,1.826086956521739,0.01000003
43,1.8695652173913042,0.01000007
44,1.9130434782608696,0.01000006
45,1.9565217391304348,0.01000005
46,2.0,0.01000005
47,2.043478260869565,0.01000004
48,2.0869565217391304,0.01000005
49,2.130434782608696,0.01000004
50,2.1739130434782608,0.01000007
51,2.217391304347826,0.01000005
52,2.260869565217391,0.01000005
53,2.3043478260869565,0.01000004
54,2.3478260869565215,0.01000005
55,2.391304347826087,0.01000004
56,2.4347826086956523,0.01000002
57,2.4782608695652173,0.01000004
58,2.5217391304347827,0.01000004
59,2.5652173913043477,0.01000005
60,2.608695652173913,0.01000004
61,2.652173913043478,0.01000005
62,2.6956521739130435,0.01000005
63,2.7391304347826084,0.01000005
64,2.782608695652174,0.01000003
65,2.8260869565217392,0.01000005
66,2.869565217391304,0.01000003
67,2.9130434782608696,0.01000004
68,2.9565217391304346,0.01000002
69,3.0,0.01000002
