,Voltage (V),Current (A)
0,0.0,-3.910096e-09
1,0.043478260869565216,-5.060682e-09
2,0.08695652173913043,-5.357256e-09
3,0.13043478260869565,-5.433851e-09
4,0.17391304347826086,-5.545065e-09
5,0.21739130434782608,-5.657343e-09
6,0.2608695652173913,-5.685341e-09
7,0.30434782608695654,-5.749444e-09
8,0.34782608695652173,-5.722688e-09
9,0.3913043478260869,-5.755414e-09
10,0.43478260869565216,-5.744533e-09
11,0.4782608695652174,-5.813336e-09
12,0.5217391304347826,-5.622865e-09
13,0.5652173913043478,-5.817173e-09
14,0.6086956521739131,-5.771247e-09
15,0.6521739130434783,-5.797218e-09
16,0.6956521739130435,-5.872765e-09
17,0.7391304347826086,-5.802576e-09
18,0.7826086956521738,-5.793129e-09
19,0.8260869565217391,-5.604187e-09
20,0.8695652173913043,-2.603289e-09
21,0.9130434782608695,7.379999e-08
22,0.9565217391304348,3.43885e-06
23,1.0,2.818723e-05
24,1.0434782608695652,7.112105e-05
25,1.0869565217391304,0.0001310053
26,1.1304347826086956,0.0002048478
27,1.1739130434782608,0.0002922398
28,1.2173913043478262,0.0003921261
29,1.2608695652173914,0.0005010422
30,1.3043478260869565,0.0006192475
31,1.3478260869565217,0.0007438109
32,1.391304347826087,0.0008740322
33,1.434782608695652,0.001008676
34,1.4782608695652173,0.001147189
35,1.5217391304347825,0.001287264
36,1.5652173913043477,0.001430263
37,1.608695652173913,0.001576038
38,1.6521739130434783,0.001724021
39,1.6956521739130435,0.001873776
40,1.7391304347826086,0.002025509
41,1.7826086956521738,0.002176939
42,1.826086956521739,0.002330974
43,1.8695652173913042,0.002486062
44,1.9130434782608696,0.002642656
45,1.9565217391304348,0.00279842
46,2.0,0.002956597
47,2.043478260869565,0.003116136
48,2.0869565217391304,0.003276359
49,2.130434782608696,0.003437182
50,2.1739130434782608,0.003598033
51,2.217391304347826,0.003760256
52,2.260869565217391,0.003923235
53,2.3043478260869565,0.004086845
54,2.3478260869565215,0.004251887
55,2.391304347826087,0.004416144
56,2.4347826086956523,0.004581979
57,2.4782608695652173,0.004748643
58,2.5217391304347827,0.004913602
59,2.5652173913043477,0.005081125
60,2.608695652173913,0.005249161
61,2.652173913043478,0.005417569
62,2.6956521739130435,0.005585826
63,2.7391304347826084,0.005756208
64,2.782608695652174,0.005926677
65,2.8260869565217392,0.006097736
66,2.869565217391304,0.006267301
67,2.9130434782608696,0.006439462
68,2.9565217391304346,0.006612708
69,3.0,0.006787984
