,Voltage (V),Current (A)
0,0.0,2.096407e-09
1,0.043478260869565216,1.230056e-09
2,0.08695652173913043,4.12687e-09
3,0.13043478260869565,1.411179e-08
4,0.17391304347826086,4.208297e-08
5,0.21739130434782608,1.037239e-07
6,0.2608695652173913,3.259159e-07
7,0.30434782608695654,9.088207e-07
8,0.34782608695652173,2.69572e-06
9,0.3913043478260869,8.450672e-06
10,0.43478260869565216,2.889209e-05
11,0.4782608695652174,9.084335e-05
12,0.5217391304347826,0.0002454184
13,0.5652173913043478,0.0005049174
14,0.6086956521739131,0.0008477127
15,0.6521739130434783,0.001246881
16,0.6956521739130435,0.001681268
17,0.7391304347826086,0.002138953
18,0.7826086956521738,0.002614188
19,0.8260869565217391,0.003100885
20,0.8695652173913043,0.003593951
21,0.9130434782608695,0.004097215
22,0.9565217391304348,0.004607244
23,1.0,0.005121185
24,1.0434782608695652,0.005635753
25,1.0869565217391304,0.006156729
26,1.1304347826086956,0.006681806
27,1.1739130434782608,0.007208315
28,1.2173913043478262,0.007738427
29,1.2608695652173914,0.008265302
30,1.3043478260869565,0.008799036
31,1.3478260869565217,0.00933335
32,1.391304347826087,0.009870019
33,1.434782608695652,0.0100001
34,1.4782608695652173,0.01000009
35,1.5217391304347825,0.01000009
36,1.5652173913043477,0.01000009
37,1.608695652173913,0.01000008
38,1.6521739130434783,0.01000008
39,1.6956521739130435,0.01000008
40,1.7391304347826086,0.01000008
41,1.7826086956521738,0.01000009
42,1.826086956521739,0.01000009
43,1.8695652173913042,0.0100001
44,1.9130434782608696,0.01000008
45,1.9565217391304348,0.01000008
46,2.0,0.01000007
47,2.043478260869565,0.01000008
48,2.0869565217391304,0.01000008
49,2.130434782608696,0.01000008
50,2.1739130434782608,0.01000008
51,2.217391304347826,0.01000008
52,2.260869565217391,0.01000009
53,2.3043478260869565,0.01000008
54,2.3478260869565215,0.01000008
55,2.391304347826087,0.01000008
56,2.4347826086956523,0.01000007
57,2.4782608695652173,0.01000008
58,2.5217391304347827,0.01000007
59,2.5652173913043477,0.01000009
60,2.608695652173913,0.01000007
61,2.652173913043478,0.01000008
62,2.6956521739130435,0.01000008
63,2.7391304347826084,0.01000008
64,2.782608695652174,0.01000008
65,2.8260869565217392,0.01000007
66,2.869565217391304,0.01000006
67,2.9130434782608696,0.01000007
68,2.9565217391304346,0.01000006
69,3.0,0.01000005
