,Voltage (V),Current (A)
0,-54.0,-0.0001999821
1,-53.92307692307692,-0.0001999817
2,-53.84615384615385,-0.0001999816
3,-53.76923076923077,-0.0001999813
4,-53.69230769230769,-0.000199982
5,-53.61538461538461,-0.000199982
6,-53.53846153846154,-0.0001999814
7,-53.46153846153846,-0.0001999815
8,-53.38461538461539,-0.0001999817
9,-53.30769230769231,-0.000199982
10,-53.23076923076923,-0.0001999822
11,-53.15384615384615,-0.0001999819
12,-53.07692307692308,-0.0001999818
13,-53.0,-0.0001999821
14,-52.92307692307692,-0.0001999819
15,-52.84615384615385,-0.0001999816
16,-52.76923076923077,-0.0001999816
17,-52.69230769230769,-0.000199981
18,-52.61538461538461,-0.0001999817
19,-52.53846153846154,-0.0001999814
20,-52.46153846153846,-0.000199982
21,-52.38461538461539,-0.0001999819
22,-52.30769230769231,-0.0001999818
23,-52.23076923076923,-0.0001999816
24,-52.15384615384615,-0.0001999813
25,-52.07692307692308,-0.0001999816
26,-52.0,-0.0001999821
27,-51.92307692307692,-0.0001153388
28,-51.84615384615385,-4.746421e-05
29,-51.76923076923077,-1.869603e-05
30,-51.69230769230769,-6.717096e-06
31,-51.61538461538461,-3.18403e-06
32,-51.53846153846154,-1.981893e-06
33,-51.46153846153846,-1.406398e-06
34,-51.38461538461539,-1.109581e-06
35,-51.30769230769231,-9.198557e-07
36,-51.23076923076923,-7.780422e-07
37,-51.15384615384615,-6.852325e-07
38,-51.07692307692308,-6.071316e-07
39,-51.0,-5.477601e-07
