,Voltage (V),Current (A)
0,-54.0,-0.0001999766
1,-53.92307692307692,-0.0001999762
2,-53.84615384615385,-0.0001999766
3,-53.76923076923077,-0.0001999766
4,-53.69230769230769,-0.0001999764
5,-53.61538461538461,-0.0001999766
6,-53.53846153846154,-0.0001999759
7,-53.46153846153846,-0.0001999766
8,-53.38461538461539,-0.0001999767
9,-53.30769230769231,-0.0001999766
10,-53.23076923076923,-0.0001999764
11,-53.15384615384615,-0.0001999767
12,-53.07692307692308,-0.0001999763
13,-53.0,-0.0001999766
14,-52.92307692307692,-0.0001999762
15,-52.84615384615385,-0.0001999763
16,-52.76923076923077,-0.0001999763
17,-52.69230769230769,-0.0001999757
18,-52.61538461538461,-0.0001999767
19,-52.53846153846154,-0.0001999764
20,-52.46153846153846,-0.0001999764
21,-52.38461538461539,-0.0001999768
22,-52.30769230769231,-0.000199977
23,-52.23076923076923,-0.0001999766
24,-52.15384615384615,-0.0001999764
25,-52.07692307692308,-0.0001999769
26,-52.0,-0.0001999769
27,-51.92307692307692,-0.000199977
28,-51.84615384615385,-0.0001999768
29,-51.76923076923077,-0.0001164507
30,-51.69230769230769,-4.838893e-05
31,-51.61538461538461,-1.648214e-05
32,-51.53846153846154,-5.650156e-06
33,-51.46153846153846,-2.330298e-06
34,-51.38461538461539,-1.335878e-06
35,-51.30769230769231,-9.26319e-07
36,-51.23076923076923,-6.902636e-07
37,-51.15384615384615,-5.619092e-07
38,-51.07692307692308,-4.678455e-07
39,-51.0,-4.033628e-07
