,Voltage (V),Current (A)
0,0.0,-2.44529e-09
1,0.043478260869565216,-3.474188e-09
2,0.08695652173913043,-3.764325e-09
3,0.13043478260869565,-3.864758e-09
4,0.17391304347826086,-3.94924e-09
5,0.21739130434782608,-4.009031e-09
6,0.2608695652173913,-4.058029e-09
7,0.30434782608695654,-4.0756e-09
8,0.34782608695652173,-4.043156e-09
9,0.3913043478260869,-4.145017e-09
10,0.43478260869565216,-4.129562e-09
11,0.4782608695652174,-4.132813e-09
12,0.5217391304347826,-4.161007e-09
13,0.5652173913043478,-4.158434e-09
14,0.6086956521739131,-4.190305e-09
15,0.6521739130434783,-4.130819e-09
16,0.6956521739130435,-4.195302e-09
17,0.7391304347826086,-4.160871e-09
18,0.7826086956521738,-4.157001e-09
19,0.8260869565217391,-4.00619e-09
20,0.8695652173913043,-1.858181e-09
21,0.9130434782608695,5.262021e-08
22,0.9565217391304348,2.973287e-06
23,1.0,2.981511e-05
24,1.0434782608695652,7.764281e-05
25,1.0869565217391304,0.000143705
26,1.1304347826086956,0.0002236607
27,1.1739130434782608,0.0003161374
28,1.2173913043478262,0.0004195802
29,1.2608695652173914,0.0005306717
30,1.3043478260869565,0.000649848
31,1.3478260869565217,0.0007745149
32,1.391304347826087,0.0009040173
33,1.434782608695652,0.00103712
34,1.4782608695652173,0.001173946
35,1.5217391304347825,0.001311613
36,1.5652173913043477,0.00145169
37,1.608695652173913,0.001594567
38,1.6521739130434783,0.001739442
39,1.6956521739130435,0.001885223
40,1.7391304347826086,0.002033147
41,1.7826086956521738,0.002180896
42,1.826086956521739,0.002330867
43,1.8695652173913042,0.002481726
44,1.9130434782608696,0.00263396
45,1.9565217391304348,0.002785132
46,2.0,0.00293856
47,2.043478260869565,0.00309334
48,2.0869565217391304,0.003249212
49,2.130434782608696,0.003405232
50,2.1739130434782608,0.003560574
51,2.217391304347826,0.003717776
52,2.260869565217391,0.003875373
53,2.3043478260869565,0.004032624
54,2.3478260869565215,0.004191299
55,2.391304347826087,0.004350281
56,2.4347826086956523,0.004511221
57,2.4782608695652173,0.004672112
58,2.5217391304347827,0.004831654
59,2.5652173913043477,0.004993401
60,2.608695652173913,0.005156392
61,2.652173913043478,0.005320483
62,2.6956521739130435,0.005484206
63,2.7391304347826084,0.005649878
64,2.782608695652174,0.005815097
65,2.8260869565217392,0.005980736
66,2.869565217391304,0.00614573
67,2.9130434782608696,0.006311766
68,2.9565217391304346,0.006477876
69,3.0,0.006646646
