,Voltage (V),Current (A)
0,0.0,-3.944858e-08
1,0.043478260869565216,-3.964956e-08
2,0.08695652173913043,-4.003379e-08
3,0.13043478260869565,-3.984336e-08
4,0.17391304347826086,-4.006924e-08
5,0.21739130434782608,-4.0219e-08
6,0.2608695652173913,-3.990569e-08
7,0.30434782608695654,-4.015346e-08
8,0.34782608695652173,-3.994203e-08
9,0.3913043478260869,-4.000472e-08
10,0.43478260869565216,-4.025734e-08
11,0.4782608695652174,-4.025705e-08
12,0.5217391304347826,-3.981137e-08
13,0.5652173913043478,-4.024553e-08
14,0.6086956521739131,-3.998799e-08
15,0.6521739130434783,-3.96104e-08
16,0.6956521739130435,-4.014485e-08
17,0.7391304347826086,-4.054371e-08
18,0.7826086956521738,-4.030412e-08
19,0.8260869565217391,-3.977775e-08
20,0.8695652173913043,-3.789119e-08
21,0.9130434782608695,1.302094e-08
22,0.9565217391304348,2.606756e-06
23,1.0,2.529328e-05
24,1.0434782608695652,6.614457e-05
25,1.0869565217391304,0.0001235912
26,1.1304347826086956,0.000194671
27,1.1739130434782608,0.0002788386
28,1.2173913043478262,0.0003750129
29,1.2608695652173914,0.0004799953
30,1.3043478260869565,0.0005941793
31,1.3478260869565217,0.0007147422
32,1.391304347826087,0.0008407466
33,1.434782608695652,0.0009706341
34,1.4782608695652173,0.001104593
35,1.5217391304347825,0.001239939
36,1.5652173913043477,0.001377672
37,1.608695652173913,0.001518317
38,1.6521739130434783,0.001661668
39,1.6956521739130435,0.001806273
40,1.7391304347826086,0.001952464
41,1.7826086956521738,0.002098744
42,1.826086956521739,0.002247603
43,1.8695652173913042,0.002397312
44,1.9130434782608696,0.002548898
45,1.9565217391304348,0.002699886
46,2.0,0.00285329
47,2.043478260869565,0.003006514
48,2.0869565217391304,0.003160837
49,2.130434782608696,0.003315993
50,2.1739130434782608,0.003470711
51,2.217391304347826,0.0036265
52,2.260869565217391,0.003783891
53,2.3043478260869565,0.00394211
54,2.3478260869565215,0.004100973
55,2.391304347826087,0.004259072
56,2.4347826086956523,0.004419432
57,2.4782608695652173,0.004579795
58,2.5217391304347827,0.004737757
59,2.5652173913043477,0.004899334
60,2.608695652173913,0.005062297
61,2.652173913043478,0.005225182
62,2.6956521739130435,0.0053872
63,2.7391304347826084,0.005551232
64,2.782608695652174,0.005715788
65,2.8260869565217392,0.005880756
66,2.869565217391304,0.00604581
67,2.9130434782608696,0.006213405
68,2.9565217391304346,0.006381451
69,3.0,0.00654921
